{
    "forward": {
        "n_threads": [
            1,
            2,
            4,
            8,
            16,
            22
        ],
        "rmse": 0.05507911641528404,
        "median_s": [
            1.1783709526062012,
            1.1851520538330078,
            1.2518670558929443,
            1.247096061706543,
            1.230884075164795,
            1.2509920597076416
        ],
        "speedup_inf": 1,
        "p": 0
    },
    "full_cg": {
        "n_threads": [
            1,
            2,
            4,
            8,
            16,
            22
        ],
        "rmse": 0.03936841259239026,
        "median_s": [
            2.7084500789642334,
            2.629642963409424,
            2.630496025085449,
            2.588719129562378,
            2.6435229778289795,
            2.510101079940796
        ],
        "speedup_inf": 1.0522318194175297,
        "p": 0.0496390799571553
    },
    "adjoint": {
        "n_threads": [
            1,
            2,
            4,
            8,
            16,
            22
        ],
        "rmse": 0.03196778220614883,
        "median_s": [
            1.325023889541626,
            1.3234589099884033,
            1.385519027709961,
            1.3572537899017334,
            1.3488390445709229,
            1.3544108867645264
        ],
        "speedup_inf": 1,
        "p": 0
    }
}